Cust ID,Transformer Name,Customer Type,1/1/2019,2/1/2019,3/1/2019,4/1/2019,5/1/2019,6/1/2019,7/1/2019,8/1/2019,9/1/2019,10/1/2019,11/1/2019,12/1/2019
11423305,TR1,domestic,50,53,32,38,117,190,60,39,86,122,72,13
70029237,TR1,domestic,156,158,167,199,335,359,470,451,485,461,300,207
11991984,TR1,domestic,15,23,20,56,42,49,92,368,402,94,61,56
11991982,TR1,domestic,173,277,216,213,338,452,702,548,512,537,260,249
11740879,TR1,domestic,0,0,0,0,0,0,0,3,0,17,42,16
11991981,TR1,domestic,94,3,1,2,0,2,12,16,101,136,95,89
22861444,TR1,domestic,112,149,141,135,200,227,372,293,275,287,122,122
23583684,TR1,domestic,323,347,307,269,338,369,419,344,333,362,218,181
11840796,TR1,domestic,98,76,97,136,139,210,264,188,271,176,123,103
11840794,TR1,domestic,229,215,238,232,573,753,876,277,457,398,236,248
11805412,TR1,domestic,258,235,205,153,178,320,459,219,276,249,142,121
11805423,TR1,domestic,158,136,165,138,194,233,269,194,291,181,147,144
25361496,TR1,domestic,164,167,178,200,289,292,811,522,918,391,175,201
11186667,TR1,domestic,151,176,201,163,339,441,672,394,818,249,146,161
11910928,TR1,domestic,157,156,151,224,471,569,749,280,579,400,213,119
11101428,TR1,domestic,185,170,174,160,270,402,466,378,532,358,230,179
11805425,TR1,domestic,156,134,160,171,283,338,395,265,414,294,216,165
11805404,TR1,domestic,105,87,94,82,174,176,236,184,305,178,80,59
11804717,TR1,domestic,152,132,141,222,689,867,1000,586,947,684,302,154
11443050,TR1,domestic,194,166,178,192,264,380,645,373,542,336,217,173
11804716,TR1,domestic,393,317,371,291,469,659,810,532,787,509,302,290
11645971,TR1,domestic,189,176,127,78,150,236,222,159,204,162,118,135
11805420,TR1,domestic,176,156,157,66,81,100,186,131,204,115,83,53
11631337,TR1,domestic,95,215,239,168,518,660,615,224,299,238,169,121
11805416,TR1,domestic,341,330,347,357,598,629,838,513,630,352,339,327
11805418,TR1,domestic,43,48,65,83,220,365,519,309,0,0,0,0
11804714,TR1,domestic,199,217,189,211,462,720,717,355,547,303,204,160
11804890,TR1,domestic,211,187,245,233,304,429,445,353,464,333,257,192
11804719,TR1,domestic,296,204,238,295,553,415,661,494,655,363,307,236
11804533,TR1,domestic,210,199,213,210,261,467,743,432,584,312,212,197
11804885,TR1,domestic,71,68,80,107,160,204,215,187,290,224,152,131
11804538,TR1,domestic,238,142,109,127,278,363,559,326,480,294,163,166
11804540,TR1,domestic,22,35,72,76,92,83,71,54,39,87,121,86
35110577,TR1,domestic,71,92,107,93,198,257,322,267,113,156,94,59
11130588,TR1,domestic,269,125,156,241,483,586,754,423,706,407,224,173
11645977,TR1,domestic,296,276,337,393,726,849,943,610,842,530,302,225
11804718,TR1,domestic,172,223,121,84,148,208,262,95,229,115,87,106
11565650,TR1,domestic,315,286,303,317,663,892,1012,564,797,397,197,107
11565691,TR1,domestic,236,221,206,250,1094,1687,2175,1174,1829,1318,520,187
13503358,TR1,domestic,63,59,76,150,213,225,318,265,385,275,105,232
70027067,TR1,domestic,169,162,176,224,339,304,350,239,418,263,190,189
13606069,TR1,domestic,382,330,390,198,0,0,0,0,0,0,0,0
11804537,TR1,domestic,177,147,148,77,132,350,568,234,510,161,93,129
11263318,TR1,domestic,77,73,76,124,279,326,382,277,432,232,130,90
11840799,TR1,domestic,31,25,66,35,142,201,288,118,192,141,65,46
11326988,TR1,domestic,291,283,272,205,310,342,454,325,592,459,204,198
11804531,TR1,domestic,104,97,75,63,471,563,576,333,490,193,87,56
11805405,TR1,domestic,65,56,64,88,122,176,206,148,228,164,95,73
11804534,TR1,domestic,157,130,145,117,190,219,378,216,343,205,129,103
11429006,TR1,domestic,100,89,122,175,284,319,353,273,397,282,153,93
11479500,TR1,domestic,197,157,177,241,491,681,766,488,0,0,0,0
11582494,TR1,domestic,138,105,127,146,211,692,266,178,326,272,199,157
12003290,TR1,domestic,65,70,79,142,248,256,289,127,270,175,120,66
35055933,TR1,domestic,452,393,367,397,515,868,1188,591,801,520,463,398
13716784,TR1,domestic,51,47,39,45,160,191,278,229,194,141,89,64
35292624,TR1,domestic,344,336,252,130,156,238,278,211,228,184,86,79
35335693,TR1,domestic,87,94,143,90,172,490,727,325,631,327,78,162
35272036,TR1,domestic,310,236,149,137,112,500,757,385,659,266,167,190
70058359,TR1,domestic,262,209,230,243,329,390,500,344,500,353,233,189
35426697,TR1,domestic,268,250,268,262,258,230,309,228,312,348,268,270
55230111,TR1,commercial,0,15,257,378,751,284,479,0,-194,1049,164,0
35587055,TR1,domestic,0,0,0,0,304,511,476,193,319,185,76,50
11347300,TR1,domestic,0,0,0,0,179,366,491,316,533,270,250,217
35586233,TR1,domestic,0,0,0,0,0,209,289,184,254,166,98,120
70161254,TR1,domestic,0,0,0,0,0,0,458,386,603,257,255,190
70156974,TR1,domestic,0,0,0,0,0,0,319,154,258,170,127,118
70224179,TR1,domestic,0,0,0,0,0,0,0,153,258,190,102,215
55158989,TR1,domestic,0,0,0,0,0,0,0,0,83,84,53,33
55162243,TR1,domestic,0,0,0,0,0,0,0,0,373,468,316,305
55222927,TR1,domestic,0,0,0,0,0,0,0,0,0,62,170,168
55241036,TR1,domestic,0,0,0,0,0,0,0,0,0,0,61,9
55271075,TR1,domestic,0,0,0,0,0,0,0,0,0,0,0,0
17062033,TR2,domestic,838,808,743,1213,2609,3294,3092,2960,2432,2045,1062,725
17096917,TR2,commercial,1912,1614,1439,1687,2122,1642,1620,2007,1422,1618,1895,1757
13768190,TR2,domestic,182,167,185,249,452,718,900,865,879,486,207,160
35250857,TR2,domestic,111,137,121,160,225,379,300,321,251,164,127,94
22867054,TR2,domestic,66,69,98,118,129,148,125,120,136,102,103,68
35594601,TR2,domestic,151,177,181,209,275,307,369,352,409,292,228,160
55207386,TR2,commercial,11,2,9,38,67,41,41,38,63,62,51,62
70121213,TR2,commercial,333,375,380,576,618,484,169,355,292,341,258,82
14191893,TR2,domestic,83,100,92,50,70,86,144,172,147,146,96,82
11187006,TR2,domestic,101,121,127,131,286,358,332,240,349,346,226,99
12905659,TR2,domestic,207,283,291,236,321,399,520,480,464,515,296,213
70100127,TR2,commercial,301,329,341,382,519,543,683,814,766,624,420,297
11185803,TR2,domestic,192,308,284,219,306,322,367,273,335,322,290,189
35291101,TR2,domestic,0,0,0,0,33,12,676,631,649,610,188,167
11142328,TR2,domestic,240,252,246,291,377,417,518,527,550,467,295,89
12905660,TR2,domestic,274,268,245,276,427,486,549,545,553,510,261,176
11365900,TR2,domestic,135,152,65,54,235,361,113,70,118,170,133,29
11185801,TR2,domestic,213,81,179,202,350,560,746,651,658,535,250,206
55218434,TR2,commercial,51,49,50,50,61,61,62,68,70,68,58,40
11185804,TR2,domestic,251,228,192,188,316,335,271,236,319,318,239,184
11663952,TR2,domestic,302,348,316,329,330,428,720,518,553,561,348,247
25306360,TR2,domestic,97,109,104,66,132,331,533,469,451,377,213,138
55207020,TR2,commercial,18,20,21,17,20,16,21,20,10,13,18,12
11804794,TR2,domestic,112,91,116,159,332,396,399,346,316,375,170,88
25362342,TR2,domestic,637,602,615,621,674,701,500,530,723,713,770,652
55193478,TR2,domestic,338,446,315,258,411,809,1565,1313,1489,934,302,260
13947246,TR2,commercial,67,49,54,63,109,124,105,136,160,157,107,64
22808347,TR2,domestic,132,155,145,118,0,0,0,0,0,0,0,28
11804708,TR2,domestic,107,98,115,265,142,142,242,220,160,134,110,64
11840791,TR2,domestic,37,86,53,42,93,144,124,81,60,87,83,36
11586711,TR2,domestic,148,167,160,180,423,643,660,616,611,593,387,332
55229164,TR2,commercial,18,22,24,16,19,27,17,14,17,21,0,15
55229147,TR2,domestic,88,101,95,114,224,226,271,306,327,327,185,104
11804729,TR2,domestic,51,71,69,86,90,112,160,190,190,204,153,88
55217638,TR2,commercial,62,40,49,65,110,126,120,121,116,93,121,51
11695209,TR2,domestic,37,58,52,42,104,111,127,129,108,69,44,91
11112135,TR2,domestic,69,76,73,70,118,139,352,400,427,476,265,229
11471079,TR2,domestic,190,190,181,162,202,196,289,282,302,314,160,159
11971182,TR2,domestic,86,99,90,102,203,250,256,241,303,71,86,130
25361379,TR2,domestic,152,146,138,133,215,213,282,290,330,304,204,155
13863487,TR2,domestic,,,,,,,,,,,,
11629935,TR2,domestic,81,220,215,279,443,441,410,314,316,398,274,220
11805417,TR2,domestic,348,411,403,327,542,584,745,660,728,714,448,389
14038882,TR2,domestic,58,30,29,34,60,0,0,46,116,134,0,204
14277835,TR2,domestic,26,7,64,0,0,32,24,30,0,2,23,62
11176101,TR2,domestic,8,5,5,5,7,9,423,304,272,303,40,9
25365487,TR2,domestic,197,189,186,202,248,28,5,0,0,0,4,3
11153806,TR2,domestic,71,78,76,76,122,197,260,217,216,202,125,80
12887160,TR2,domestic,401,403,409,401,652,807,873,671,738,591,479,374
35149343,TR2,domestic,776,946,714,668,1190,1490,1563,885,395,84,2,0
35448736,TR2,domestic,200,186,186,184,530,872,1047,641,634,546,283,223
13776716,TR2,domestic,109,125,118,131,300,457,290,172,190,180,151,117
11152815,TR2,domestic,245,304,213,278,133,138,134,123,122,142,108,84
11472626,TR2,domestic,229,201,215,198,309,302,508,419,87,29,54,90
55229163,TR2,domestic,25,27,32,39,134,192,374,246,313,285,132,46
11804798,TR2,domestic,49,53,46,39,122,152,147,153,149,163,171,121
35240620,TR2,domestic,248,182,194,166,350,427,518,470,395,405,183,193
55217637,TR2,commercial,62,71,67,104,128,134,208,176,98,27,83,59
35315519,TR2,commercial,56,58,52,49,62,71,55,58,71,64,60,44
11805375,TR2,domestic,107,107,98,105,142,220,255,232,228,214,116,86
14103134,TR2,domestic,936,946,934,887,1117,993,1230,1224,963,1034,445,487
11464005,TR2,domestic,110,26,0,2,0,0,1,0,0,0,3,75
11154165,TR2,domestic,68,67,73,96,188,211,252,226,235,231,117,112
70121214,TR2,commercial,494,511,606,616,932,1213,1486,1385,1241,1064,568,424
11805373,TR2,domestic,418,419,267,106,116,138,151,149,114,106,152,96
25215181,TR2,domestic,85,214,131,125,191,269,421,394,430,115,198,138
11552247,TR2,domestic,59,39,119,104,257,423,478,419,427,447,314,226
11748408,TR2,domestic,472,655,579,411,395,463,315,590,570,564,421,363
11771792,TR2,domestic,28,222,90,50,113,74,169,206,231,238,205,61
11914040,TR2,domestic,144,158,123,235,551,665,758,785,776,964,291,119
11804728,TR2,domestic,96,104,111,106,94,0,11,60,25,206,185,115
35259893,TR2,domestic,60,78,58,44,113,122,149,189,189,186,129,81
11805380,TR2,domestic,18,28,16,26,11,44,170,96,13,33,17,25
11331679,TR2,domestic,47,57,58,85,185,185,553,717,468,319,133,88
35199095,TR2,domestic,303,259,275,305,439,636,800,648,701,574,390,262
11114866,TR2,domestic,48,37,51,52,64,99,74,67,68,67,51,41
35151383,TR2,domestic,33,31,0,13,6,0,2,15,4,14,0,0
35203500,TR2,domestic,91,138,137,134,182,200,276,237,221,75,160,74
55229148,TR2,commercial,111,147,101,131,183,222,208,210,171,206,182,116
11804702,TR2,domestic,378,444,205,275,343,296,333,305,313,309,233,205
11804725,TR2,domestic,252,278,267,243,318,426,477,421,352,391,286,221
11805379,TR2,domestic,135,146,149,156,258,280,304,282,260,288,194,133
12859079,TR2,domestic,328,313,334,261,341,327,360,353,404,383,283,319
25365508,TR2,domestic,317,239,259,221,509,939,1179,1154,1143,962,362,185
11805376,TR2,domestic,78,91,73,86,222,219,255,229,232,249,193,102
12153107,TR2,domestic,,,,,,,,,,,,
35388323,TR2,domestic,58,57,60,71,101,134,121,168,179,204,144,153
55229151,TR2,commercial,25,22,21,21,29,24,40,46,38,39,42,43
13952229,TR2,domestic,148,120,128,123,252,165,182,174,157,175,160,95
11654756,TR2,domestic,67,74,73,83,134,176,220,282,258,265,126,104
14233865,TR2,domestic,7,67,0,0,0,0,0,0,0,0,125,136
11178927,TR2,domestic,16,21,35,27,62,27,45,53,18,23,234,154
25362740,TR2,domestic,87,60,66,48,110,200,195,30,167,139,114,118
35250579,TR2,domestic,71,74,73,82,195,248,174,164,194,184,122,73
25365511,TR2,domestic,191,166,217,216,574,645,979,636,742,667,336,173
11804797,TR2,domestic,130,130,135,144,263,389,381,376,278,330,173,129
11804724,TR2,domestic,160,160,156,184,377,529,711,423,375,413,271,176
35412631,TR2,domestic,77,82,76,78,108,134,116,127,140,153,147,85
11165949,TR2,domestic,199,230,207,193,361,468,860,694,515,301,122,111
11701972,TR2,domestic,262,302,190,108,172,97,252,278,245,216,132,81
11309337,TR2,domestic,30,38,33,46,37,116,145,156,140,128,69,58
25243263,TR2,domestic,115,156,24,33,47,49,58,233,42,200,360,158
55229166,TR2,domestic,222,237,242,231,318,378,591,483,525,477,0,532
11645478,TR2,domestic,4,3,2,0,0,4,6,7,0,0,50,23
11804730,TR2,domestic,86,125,226,115,36,0,0,0,0,0,0,39
11664336,TR2,domestic,92,85,17,9,36,38,54,49,41,38,56,31
55229839,TR2,domestic,0,0,6,4,0,0,0,20,11,14,4,0
11804709,TR2,domestic,244,305,246,207,315,445,376,363,414,408,203,175
11804791,TR2,domestic,192,249,214,175,278,572,842,658,498,655,171,173
25362338,TR2,domestic,391,515,288,229,698,1410,1616,1430,1684,1272,411,205
14106964,TR2,domestic,264,256,228,203,295,398,449,307,352,342,250,184
11991983,TR2,domestic,114,121,152,164,156,155,192,141,167,215,181,63
11804399,TR2,domestic,237,296,238,237,378,706,717,813,780,318,377,228
11503143,TR2,domestic,167,185,185,189,300,338,458,423,427,417,160,158
35202677,TR2,domestic,56,59,55,67,143,163,207,162,189,179,154,99
35602996,TR2,domestic,102,188,93,69,292,118,152,241,255,232,47,19
22869459,TR2,commercial,17,15,12,15,27,28,30,30,37,41,36,19
35166550,TR2,domestic,10,1,0,10,0,0,23,0,14,11,50,10
11975547,TR2,domestic,167,144,195,218,343,375,372,362,432,308,224,141
55230216,TR2,domestic,195,203,191,230,316,271,318,311,348,347,287,137
12923178,TR2,domestic,72,63,71,88,116,104,100,110,103,104,103,76
11804795,TR2,domestic,14,0,0,0,0,0,424,519,531,210,17,33
55208385,TR2,commercial,31,29,29,33,46,48,58,64,28,35,36,33
55229152,TR2,domestic,105,124,114,134,265,354,442,419,387,425,198,85
11804792,TR2,domestic,1,0,7,0,0,0,0,0,0,0,21,2
11804727,TR2,domestic,283,318,285,318,342,400,442,365,365,351,266,284
35570712,TR2,domestic,160,168,164,177,261,286,313,310,313,341,194,145
11804796,TR2,domestic,123,147,137,132,52,26,31,30,11,475,399,277
11301921,TR2,domestic,83,96,86,101,113,120,128,110,115,100,75,84
55229165,TR2,domestic,356,259,315,365,740,764,969,801,572,876,493,227
11571660,TR2,domestic,143,126,131,131,210,240,272,265,280,240,208,157
23229838,TR2,commercial,10,11,10,18,66,73,104,123,124,120,79,15
35570709,TR2,domestic,90,107,108,108,202,199,228,252,284,236,144,110
11804710,TR2,domestic,55,53,58,80,109,100,139,105,108,111,92,48
11805378,TR2,domestic,76,124,98,58,116,123,102,83,0,72,106,80
11804726,TR2,domestic,71,80,106,156,296,513,640,386,321,240,183,102
11804793,TR2,domestic,113,125,127,137,229,282,379,339,325,320,198,123
35292703,TR2,domestic,67,75,64,70,171,187,255,224,239,162,144,110
11804701,TR2,domestic,43,158,222,238,195,281,422,355,438,542,105,47
11740878,TR2,domestic,126,128,120,138,209,365,473,367,340,398,184,129
70016611,TR2,domestic,62,18,19,19,40,67,202,129,162,145,73,120
11804799,TR2,domestic,14,18,16,20,84,227,215,160,191,172,146,64
55208379,TR2,commercial,27,72,81,82,104,96,101,108,53,60,96,85
11100340,TR2,domestic,107,108,100,105,140,166,307,235,179,169,120,110
35202676,TR2,domestic,70,72,68,85,166,238,345,335,321,331,154,130
35412629,TR2,domestic,87,56,57,83,118,173,177,153,179,167,123,84
25353514,TR2,domestic,77,95,91,64,71,52,81,162,158,167,105,85
55207021,TR2,commercial,25,38,37,36,53,54,51,69,34,48,80,57
23449296,TR2,domestic,198,292,285,233,273,281,605,570,421,555,244,194
11805372,TR2,domestic,141,146,199,236,320,321,362,382,403,317,189,125
35570700,TR2,domestic,101,100,100,136,157,140,171,174,178,183,111,75
13667245,TR2,domestic,63,75,93,91,172,210,417,418,414,388,183,94
35265160,TR2,domestic,93,87,88,98,147,146,174,155,172,158,90,91
25211524,TR2,domestic,47,47,32,71,124,108,34,85,100,189,190,146
11100273,TR2,domestic,214,205,184,167,153,218,212,209,233,204,175,172
11804683,TR2,domestic,92,86,87,123,263,249,416,357,359,343,226,141
14099427,TR2,domestic,108,85,87,108,192,258,308,212,262,309,193,103
11464560,TR2,domestic,187,187,188,216,346,382,409,383,406,392,375,257
70201134,TR2,domestic,211,237,208,190,385,603,283,124,480,380,253,169
35388326,TR2,domestic,38,54,45,10,40,80,214,326,374,365,201,136
12850935,TR2,domestic,101,92,101,113,247,276,373,340,349,337,175,103
14185193,TR2,domestic,91,107,111,114,198,264,458,482,545,552,183,105
11159656,TR2,commercial,3,2,3,4,7,6,4,4,4,6,12,5
35570704,TR2,domestic,102,131,140,139,292,345,371,510,553,549,290,117
11719561,TR2,domestic,79,74,74,94,234,214,265,299,37,10,0,0
11805533,TR2,domestic,321,250,285,161,229,237,410,372,373,498,223,152
11188018,TR2,domestic,79,77,74,97,266,351,429,427,395,372,113,45
11719801,TR2,domestic,198,180,179,145,322,330,517,592,634,759,375,256
11310908,TR2,domestic,56,48,94,111,131,191,27,150,14,138,163,164
55229154,TR2,commercial,64,66,64,68,85,85,83,95,93,97,110,64
25365484,TR2,domestic,165,198,175,151,136,279,432,353,353,309,125,88
12085283,TR2,domestic,0,22,65,60,306,546,624,1154,626,607,321,331
55207618,TR2,commercial,0,0,6,51,150,143,149,162,63,72,67,52
70072915,TR2,domestic,129,124,132,138,193,241,234,285,228,293,149,126
11187959,TR2,domestic,343,343,360,374,610,565,594,461,917,1264,606,321
35548371,TR2,domestic,137,141,141,164,378,379,438,376,372,435,255,190
11804681,TR2,domestic,59,64,69,71,148,192,137,136,142,165,103,76
35431095,TR2,domestic,1,12,9,30,26,2,1,26,28,29,31,15
11108159,TR2,domestic,509,578,660,746,893,1086,312,250,205,477,96,115
70079540,TR2,commercial,0,826,614,743,1058,1068,852,881,811,753,577,529
11488931,TR2,domestic,137,110,127,170,285,292,364,364,392,361,302,222
70069829,TR2,domestic,98,82,84,104,158,204,391,232,196,87,110,97
11881029,TR2,domestic,95,157,139,142,215,233,496,334,164,275,206,147
25365507,TR2,domestic,265,328,379,190,175,401,666,614,561,522,178,99
35282765,TR2,domestic,236,234,252,187,235,284,483,385,355,350,154,175
35548364,TR2,domestic,102,107,102,86,160,217,214,172,256,275,128,97
35209369,TR2,domestic,18,21,26,24,41,71,76,70,85,108,62,43
13719498,TR2,domestic,27,-23,16,1,3,0,0,73,168,269,175,105
12005689,TR2,domestic,238,202,288,131,0,468,464,573,515,540,219,96
35431096,TR2,domestic,174,164,202,194,269,251,269,220,246,220,254,208
11846920,TR2,domestic,155,125,58,22,15,23,62,112,125,93,32,31
11100275,TR2,domestic,158,147,131,124,265,456,491,345,348,186,158,136
14181822,TR2,domestic,24,20,13,14,13,9,1,1,22,30,6,7
35431099,TR2,domestic,51,49,48,50,68,83,71,79,86,75,57,26
11254796,TR2,domestic,111,114,102,135,273,225,346,338,383,408,239,150
55208617,TR2,commercial,38,41,34,41,65,67,63,66,30,31,58,34
11301922,TR2,domestic,79,93,64,103,129,117,375,240,260,199,104,71
11450583,TR2,domestic,46,67,12,13,35,118,293,259,422,566,192,187
25361157,TR2,domestic,327,325,307,256,346,549,794,596,367,322,43,95
55229153,TR2,domestic,136,198,164,181,248,437,580,487,436,385,124,79
25249215,TR2,domestic,306,294,311,336,445,708,821,674,860,583,466,344
11604966,TR2,domestic,39,31,80,86,205,189,228,201,211,231,145,105
11238429,TR2,domestic,76,53,88,82,118,182,215,233,184,211,93,85
11238428,TR2,domestic,28,23,38,36,54,63,43,70,52,69,51,26
11846919,TR2,domestic,121,135,124,120,258,309,381,369,390,316,211,190
13921876,TR2,domestic,138,106,125,57,183,195,221,264,280,283,113,101
35548506,TR2,domestic,114,113,117,110,221,209,268,244,229,245,175,118
35548363,TR2,domestic,72,49,55,102,383,482,753,537,543,657,352,238
35431094,TR2,domestic,134,134,127,136,326,439,497,406,462,425,252,156
11804800,TR2,domestic,135,251,148,145,185,257,316,411,641,672,252,132
25289024,TR2,domestic,70,101,72,98,209,288,311,274,287,286,258,197
11804685,TR2,domestic,92,0,0,0,0,0,0,0,0,0,0,0
23913021,TR2,domestic,32,73,96,56,111,166,223,179,132,79,52,36
11841183,TR2,domestic,22,20,18,25,167,304,200,272,290,132,49,22
11841189,TR2,domestic,111,119,116,123,129,121,160,140,148,142,131,125
35548383,TR2,domestic,110,121,127,114,206,227,275,303,317,329,181,127
11841182,TR2,domestic,0,0,0,0,133,284,395,283,271,278,67,0
11195957,TR2,domestic,7,0,0,0,3,6,0,0,0,4,4,0
11433061,TR2,domestic,254,284,268,252,321,636,560,492,594,574,328,252
14181850,TR2,domestic,40,62,26,56,46,63,132,41,45,52,25,39
35548373,TR2,domestic,82,82,76,109,203,255,238,222,181,205,144,101
35151380,TR2,domestic,219,260,276,278,289,323,428,655,536,454,512,518
17083274,TR2,domestic,216,177,194,198,232,211,195,243,186,197,238,212
11719808,TR2,commercial,109,112,103,122,216,275,172,180,273,306,136,79
35581247,TR2,domestic,229,230,222,221,281,274,333,351,349,306,236,192
11719806,TR2,domestic,36,23,28,30,47,48,47,91,85,88,69,75
55229512,TR2,commercial,17,23,13,25,51,89,79,137,78,38,27,10
35547709,TR2,commercial,853,830,1037,874,971,1131,162,793,90,127,3,104
12894060,TR2,domestic,247,563,324,388,440,500,506,494,592,527,411,366
25314657,TR2,domestic,213,133,206,187,335,427,660,573,587,603,225,185
35169376,TR2,domestic,226,246,246,274,350,398,555,500,562,473,286,210
35431091,TR2,domestic,201,234,186,122,226,445,538,384,419,375,164,101
35548372,TR2,domestic,88,76,92,117,215,220,292,264,261,280,197,146
11154566,TR2,domestic,19,37,7,9,3,1,4,17,2,117,232,167
11449772,TR2,domestic,161,142,135,176,255,206,274,234,230,249,161,126
11503099,TR2,domestic,107,89,86,93,123,110,170,147,143,154,86,72
35215054,TR2,domestic,271,222,315,187,285,432,378,394,407,534,229,309
35548399,TR2,domestic,131,117,115,121,270,335,442,373,353,381,212,135
14181732,TR2,commercial,0,0,0,0,0,0,0,0,0,0,0,0
12858635,TR2,domestic,85,88,94,89,176,205,346,333,373,372,213,94
55207163,TR2,commercial,48,50,53,54,59,81,93,108,70,140,212,137
11221538,TR2,domestic,214,363,326,334,607,709,691,565,395,579,348,215
11514897,TR2,domestic,300,334,309,279,295,419,424,415,424,315,288,196
70069830,TR2,domestic,180,193,186,206,291,297,358,288,270,261,249,196
35111698,TR2,domestic,35,42,28,36,173,538,665,280,257,404,128,42
35053199,TR2,domestic,106,104,128,118,294,310,334,331,309,327,213,146
35561897,TR2,domestic,177,191,175,185,271,321,460,351,350,350,194,167
70099171,TR2,commercial,229,285,168,492,431,233,374,433,423,468,412,393
13533097,TR2,domestic,166,194,182,159,295,208,308,300,319,341,199,85
25282111,TR2,domestic,106,152,125,117,306,297,380,408,369,417,205,131
23326549,TR2,domestic,102,115,82,115,258,320,458,367,335,403,216,104
35431093,TR2,domestic,331,497,304,144,264,344,682,552,545,435,155,164
11812502,TR2,domestic,184,158,179,204,309,365,442,335,294,312,199,175
23400229,TR2,domestic,2,15,27,154,323,386,402,405,417,421,298,201
70069828,TR2,domestic,183,189,153,154,239,261,318,261,289,263,216,168
14133436,TR2,domestic,36,14,19,43,60,84,123,148,104,133,24,16
35431097,TR2,domestic,133,128,120,146,124,116,163,155,165,146,117,161
35085187,TR2,domestic,93,41,75,64,107,122,144,147,150,143,111,122
25357695,TR2,domestic,150,168,153,166,80,34,12,25,24,88,55,42
11229496,TR2,domestic,126,132,117,122,196,214,228,222,210,195,143,68
11992618,TR2,domestic,25,11,13,10,32,137,192,159,182,155,132,123
70069835,TR2,domestic,0,-66,10,14,45,72,106,105,99,99,45,33
11862529,TR2,domestic,121,121,135,180,320,378,272,446,455,389,328,182
14107429,TR2,domestic,214,242,228,228,278,378,522,303,332,250,153,156
11852068,TR2,domestic,235,222,275,319,326,257,410,347,466,382,422,317
25357692,TR2,domestic,93,90,114,103,546,908,1343,1212,1125,1020,528,126
11950719,TR2,domestic,91,73,6,21,66,166,277,242,188,188,128,120
35570561,TR2,domestic,188,166,167,189,317,377,411,337,373,334,248,112
12858215,TR2,domestic,207,195,185,195,219,256,271,203,292,228,251,214
12850898,TR2,domestic,65,64,63,83,128,127,142,149,109,126,105,93
11214833,TR2,domestic,171,100,68,83,230,514,743,639,561,565,271,177
35548361,TR2,domestic,99,94,101,110,160,187,218,214,220,208,150,111
11447816,TR2,domestic,34,30,37,50,73,83,415,90,91,94,106,82
11875367,TR2,domestic,370,359,360,376,272,266,293,289,300,334,250,324
35185204,TR2,domestic,389,396,433,454,644,755,798,721,920,933,425,341
11309095,TR2,domestic,282,306,248,140,300,270,546,371,416,363,153,124
70179576,TR2,commercial,7,5,6,5,16,24,0,30,35,29,19,10
11192017,TR2,domestic,135,127,134,176,230,235,244,233,237,233,203,156
35570575,TR2,domestic,107,107,115,138,164,197,231,193,217,187,172,133
11140152,TR2,domestic,213,372,330,188,172,250,309,281,368,427,357,257
35177806,TR2,domestic,97,78,81,93,325,224,502,474,450,464,203,156
55200511,TR2,commercial,11,10,9,11,41,48,42,39,42,27,70,23
70073048,TR2,domestic,142,168,173,181,244,299,102,231,383,373,190,184
25357694,TR2,commercial,59,60,55,45,40,72,66,60,60,62,82,51
14101532,TR2,domestic,252,270,273,215,306,463,687,575,487,439,245,217
11214838,TR2,domestic,160,177,150,122,193,69,270,297,310,287,166,159
11214837,TR2,domestic,93,62,56,46,115,141,84,119,59,0,4,77
70073057,TR2,domestic,236,395,212,124,66,63,75,66,73,69,64,55
14077365,TR2,domestic,176,220,-341,118,-113,287,-287,4,1,0,5,7
11239551,TR2,domestic,155,135,145,217,468,498,613,567,411,286,258,124
55200514,TR2,commercial,213,219,217,242,201,183,112,184,121,259,776,845
12857509,TR2,domestic,71,70,74,104,212,304,441,381,369,332,240,109
55229150,TR2,commercial,60,61,74,88,171,160,140,171,258,169,138,64
35061821,TR2,domestic,128,119,100,120,125,107,302,234,247,6,3,121
11221802,TR2,domestic,34,38,77,93,68,130,136,126,151,131,94,69
35227991,TR2,domestic,407,368,391,424,585,639,730,585,686,577,536,429
11214840,TR2,domestic,165,159,87,111,206,249,306,308,300,300,275,89
22867162,TR2,domestic,189,233,205,186,289,421,553,484,470,417,235,226
35260923,TR2,domestic,169,168,140,144,169,211,301,247,255,242,167,171
11691404,TR2,domestic,173,267,211,243,246,168,243,228,486,229,149,244
35571702,TR2,domestic,208,211,187,155,208,418,487,253,256,308,143,135
13753409,TR2,domestic,34,55,59,59,101,113,79,129,214,166,68,32
11355886,TR2,domestic,0,0,0,2,123,132,60,56,1,161,81,43
11628705,TR2,domestic,133,150,113,179,249,272,333,307,314,260,174,97
13760823,TR2,domestic,212,241,235,202,133,99,70,68,114,106,126,181
23326558,TR2,domestic,142,154,162,201,493,648,657,753,692,725,357,225
25216934,TR2,domestic,324,307,180,251,412,530,934,867,979,793,311,211
35581254,TR2,domestic,182,202,149,163,185,233,292,253,265,267,190,149
70213002,TR2,commercial,60,53,49,105,142,0,0,719,254,243,168,79
11721088,TR2,domestic,34,6,11,3,135,277,382,400,456,436,259,132
70069836,TR2,domestic,282,325,178,370,208,143,219,187,179,187,125,138
14103792,TR2,domestic,257,272,249,290,323,257,385,309,302,256,275,250
14020910,TR2,domestic,169,160,157,178,581,1036,1536,1218,996,1178,462,93
14102221,TR2,commercial,5,4,5,3,8,8,5,6,10,9,5,6
25215267,TR2,domestic,129,136,147,165,341,334,551,503,596,449,153,137
35548503,TR2,domestic,168,189,208,184,221,271,268,257,262,294,242,207
35051859,TR2,domestic,94,89,92,117,125,119,126,120,117,123,104,105
11847418,TR2,domestic,73,72,78,110,201,252,279,242,210,207,193,158
23505404,TR2,domestic,112,230,122,116,127,165,280,195,226,145,130,116
11151026,TR2,commercial,74,77,75,77,71,104,84,92,80,98,97,76
14169766,TR2,domestic,87,78,121,110,201,236,275,238,259,260,176,127
35258265,TR2,domestic,1,54,81,70,121,110,83,119,112,144,86,45
70178169,TR2,domestic,0,0,1,0,0,0,29,27,88,122,98,50
35581242,TR2,domestic,107,100,92,118,143,257,422,352,373,356,172,131
13737045,TR2,domestic,29,25,28,69,54,100,289,247,215,211,123,69
23101148,TR2,domestic,104,97,95,114,183,206,220,213,232,242,183,102
14145777,TR2,domestic,73,65,73,86,190,243,358,333,317,282,143,111
11992803,TR2,domestic,317,501,413,236,282,351,471,302,338,309,227,160
25216312,TR2,domestic,159,167,161,155,180,202,283,285,304,280,184,172
35571712,TR2,domestic,83,141,97,133,133,279,489,430,333,99,108,102
14106720,TR2,domestic,239,283,279,302,367,340,360,366,344,326,296,204
11666255,TR2,domestic,31,50,52,43,7,10,61,58,252,427,211,159
70073051,TR2,domestic,269,256,198,108,154,163,262,212,225,81,56,32
11208080,TR2,domestic,157,204,183,172,210,139,195,270,591,483,106,113
35430118,TR2,domestic,217,222,168,257,315,283,456,380,389,381,316,267
25357693,TR2,domestic,205,205,183,188,250,271,326,319,342,311,246,217
11233350,TR2,commercial,38,37,37,41,135,169,172,186,184,156,102,46
11727457,TR2,domestic,129,158,4,127,161,669,269,186,297,246,212,223
35059254,TR2,domestic,77,78,86,25,94,156,201,158,150,121,87,12
11452480,TR2,domestic,29,42,64,131,193,187,239,151,183,184,127,96
14169710,TR2,domestic,192,171,205,225,330,462,535,484,723,576,335,245
11663522,TR2,domestic,106,116,121,142,260,323,361,310,309,285,161,115
11846912,TR2,domestic,103,119,122,106,154,186,124,153,157,125,97,94
55208386,TR2,commercial,4,2,4,5,10,3,2,1,0,0,0,0
25113699,TR2,domestic,176,189,175,156,322,376,565,378,433,273,276,0
35430111,TR2,domestic,90,110,86,112,267,329,7,5,33,11,11,24
35571714,TR2,domestic,108,163,58,50,147,375,756,458,513,562,167,89
14106857,TR2,domestic,202,205,204,219,253,283,472,395,384,414,249,186
70069833,TR2,commercial,41,46,50,82,116,131,147,141,117,185,170,185
11214839,TR2,domestic,36,16,24,18,18,183,239,225,200,167,133,152
70069831,TR2,domestic,67,47,32,55,191,362,587,572,104,223,157,148
35279446,TR2,domestic,172,216,195,182,256,352,501,357,291,331,258,196
11782055,TR2,domestic,90,85,87,64,92,76,159,149,185,147,68,47
11105775,TR2,domestic,194,211,256,243,408,501,857,768,639,645,238,181
11992811,TR2,domestic,303,286,275,274,331,390,469,420,483,426,345,279
11771329,TR2,domestic,331,444,349,362,725,1052,1521,1077,655,544,463,473
12873705,TR2,domestic,130,138,127,162,221,235,469,359,390,365,176,162
13581056,TR2,domestic,219,195,190,220,392,664,964,867,823,744,430,259
11234396,TR2,domestic,55,53,55,67,126,144,154,326,394,370,83,87
55231634,TR2,domestic,108,144,113,110,83,132,216,125,142,99,69,79
55230214,TR2,commercial,7,0,4,4,0,20,0,31,1,84,19,7
11992615,TR2,domestic,132,124,127,103,228,347,711,550,594,524,190,153
12857502,TR2,domestic,99,57,53,89,167,222,345,283,222,230,149,120
11234131,TR2,domestic,172,199,181,185,366,497,789,493,492,442,157,145
35431090,TR2,domestic,133,105,137,204,270,248,319,264,281,205,134,167
25365481,TR2,domestic,80,28,97,137,408,651,622,532,611,539,557,521
55229170,TR2,commercial,175,197,209,159,212,219,181,225,166,157,0,213
11881888,TR2,domestic,9,10,11,13,23,110,139,107,129,110,134,144
11847413,TR2,domestic,103,117,72,82,186,202,273,238,226,218,158,126
22861475,TR2,commercial,0,0,0,107,-107,0,0,0,0,0,0,0
22863654,TR2,domestic,218,285,255,186,329,349,501,502,401,391,188,125
55226210,TR2,domestic,0,0,2,0,0,0,10,0,0,14,8,7
14106708,TR2,domestic,145,50,45,59,170,352,431,303,300,315,182,185
70072910,TR2,domestic,68,78,63,81,116,113,168,172,187,190,95,65
11592213,TR2,domestic,439,539,389,323,1221,1553,1226,1128,684,1070,602,291
70073052,TR2,domestic,158,102,97,89,142,170,85,27,17,14,16,16
70069834,TR2,domestic,0,-609,157,51,137,200,234,202,186,170,124,89
55229149,TR2,commercial,49,73,84,102,150,130,123,155,105,143,86,49
70069841,TR2,domestic,97,96,95,124,137,136,219,222,236,222,139,119
11992612,TR2,domestic,81,48,107,91,129,133,152,184,216,164,49,65
11572542,TR2,domestic,47,30,222,278,337,380,711,673,859,669,407,217
11479815,TR2,domestic,50,49,45,40,51,52,50,65,81,88,44,87
70069845,TR2,domestic,48,48,44,58,95,111,163,157,117,124,73,54
11852069,TR2,domestic,110,111,115,119,117,124,122,146,151,141,148,151
13753410,TR2,domestic,87,78,83,103,150,158,163,192,216,191,133,119
35412043,TR2,domestic,50,36,26,44,218,304,484,283,344,316,66,96
11665173,TR2,domestic,112,111,103,120,140,155,214,222,210,214,146,116
35600423,TR2,domestic,201,1,112,67,26,1,0,0,17,2,1,0
11282230,TR2,domestic,152,168,152,151,222,212,488,324,262,257,187,121
11846917,TR2,domestic,253,252,242,266,444,408,604,606,648,549,321,273
35182070,TR2,domestic,382,363,437,303,326,484,763,328,551,500,305,273
11402731,TR2,domestic,295,347,370,322,484,679,926,740,742,612,419,326
11214834,TR2,domestic,209,219,201,187,213,454,571,402,381,348,257,168
11175823,TR2,domestic,63,81,77,96,133,119,111,106,117,216,151,88
11117207,TR2,domestic,288,339,308,266,357,668,940,491,541,438,210,208
70073049,TR2,domestic,98,113,100,125,161,223,279,240,274,255,149,115
55231717,TR2,domestic,103,119,109,108,154,222,385,290,262,296,27,100
11519883,TR2,domestic,251,220,236,-1349,600,520,463,221,237,216,177,115
22867166,TR2,domestic,2,1,12,1,2,1,4,2,6,2,14,2
35430116,TR2,domestic,96,141,109,110,214,205,256,202,234,210,160,62
35571715,TR2,domestic,0,1,63,52,0,0,0,1,0,0,0,0
11503096,TR2,domestic,124,120,132,167,473,520,573,507,542,475,213,152
35379515,TR2,domestic,247,137,77,133,193,260,248,225,265,236,185,184
70073054,TR2,domestic,13,20,22,24,43,48,69,51,59,71,58,103
70073050,TR2,domestic,240,241,226,268,347,409,520,479,539,434,221,223
11841457,TR2,domestic,169,173,179,198,300,302,368,360,372,354,263,197
55200507,TR2,commercial,38,39,40,42,68,82,62,84,84,58,103,53
12120917,TR2,domestic,243,241,233,130,486,407,453,468,521,391,241,187
22869437,TR2,domestic,84,100,97,95,143,168,203,197,201,176,213,143
23586649,TR2,domestic,245,394,254,191,366,434,334,530,375,520,341,221
11563216,TR2,commercial,19,20,18,20,23,30,24,26,25,20,24,14
11990080,TR2,domestic,180,210,210,166,318,352,376,393,507,93,0,15
11921484,TR2,domestic,82,60,36,88,235,177,161,159,162,147,115,87
13834477,TR2,domestic,101,101,97,130,221,242,197,220,267,250,246,127
70072913,TR2,domestic,16,32,47,34,45,34,51,87,67,74,0,78
11498531,TR2,domestic,30,25,30,38,45,82,215,89,67,53,27,49
23505284,TR2,commercial,24,24,10,44,106,147,46,81,134,121,0,67
70069842,TR2,domestic,176,157,167,207,336,305,427,324,347,330,252,218
11803485,TR2,domestic,81,122,109,140,250,317,372,281,321,180,128,101
35376248,TR2,domestic,144,156,150,173,263,277,460,332,370,381,155,115
35256209,TR2,domestic,91,72,81,97,227,196,247,242,223,264,192,113
35570562,TR2,domestic,15,15,9,9,3,0,0,1,4,10,12,14
70069840,TR2,domestic,98,124,116,130,177,173,157,214,214,193,141,138
70201123,TR2,domestic,310,367,328,331,436,564,331,140,542,326,272,223
35265165,TR2,domestic,103,121,139,137,255,262,96,107,101,109,59,66
35580183,TR2,domestic,51,55,53,73,96,192,370,377,423,347,176,101
35581244,TR2,domestic,136,119,118,127,119,148,191,174,164,138,110,89
13645112,TR2,commercial,49,49,51,71,92,92,117,113,117,123,113,70
55231633,TR2,domestic,66,60,64,100,180,240,335,341,367,286,206,92
12913095,TR2,domestic,165,151,178,193,186,222,441,390,335,348,191,177
11197120,TR2,domestic,182,176,192,198,259,341,431,299,313,269,177,172
70073055,TR2,domestic,99,77,86,92,146,179,241,231,257,198,158,106
70097626,TR2,commercial,73,67,79,97,135,111,81,90,89,74,81,88
22862324,TR2,domestic,47,50,49,56,180,64,136,244,216,224,121,72
11519085,TR2,domestic,163,213,196,176,184,387,490,535,435,454,171,172
11711228,TR2,domestic,108,107,98,138,316,339,500,502,456,450,86,118
25306822,TR2,domestic,135,140,139,198,341,437,793,560,418,368,285,234
11846911,TR2,domestic,224,208,253,125,198,267,435,406,270,258,188,121
11748672,TR2,domestic,103,117,107,112,156,226,343,283,298,174,160,127
11195488,TR2,domestic,83,73,75,93,230,306,473,294,284,292,170,113
14272871,TR2,domestic,62,86,263,140,661,622,782,760,718,693,320,259
35571708,TR2,domestic,149,150,162,194,309,579,648,554,609,544,264,176
35182069,TR2,domestic,106,137,108,126,139,123,195,170,157,149,108,112
11117210,TR2,domestic,223,196,213,231,514,652,726,518,510,530,341,184
70073056,TR2,domestic,26,39,39,56,123,111,129,62,70,55,32,30
13717206,TR2,domestic,40,38,38,43,57,75,112,106,111,97,62,40
70069846,TR2,domestic,238,313,294,220,229,197,195,174,209,227,148,102
13765509,TR2,domestic,68,63,55,28,66,58,67,72,72,79,69,57
11986297,TR2,domestic,489,573,563,390,487,1106,1555,1183,935,514,406,226
13567453,TR2,domestic,165,196,152,176,271,216,185,202,202,197,199,137
13753411,TR2,domestic,135,110,108,116,218,232,460,403,442,373,134,137
11617495,TR2,commercial,26,24,24,27,316,531,765,728,703,653,117,37
35110574,TR2,domestic,84,88,83,109,163,167,202,215,229,227,135,99
70069847,TR2,domestic,169,176,125,93,175,200,260,197,177,150,138,93
70069844,TR2,domestic,56,55,53,70,138,147,201,190,200,185,135,80
11214816,TR2,domestic,67,88,80,83,144,152,300,221,218,195,97,79
35256995,TR2,domestic,369,456,412,428,354,330,1718,603,590,462,390,491
11108804,TR2,domestic,208,258,218,218,260,356,537,438,388,339,204,193
11152923,TR2,domestic,120,160,148,144,101,0,0,7,54,98,46,64
55230415,TR2,domestic,278,324,325,370,403,543,1074,701,702,308,96,230
35522524,TR2,domestic,210,165,197,204,495,583,795,681,700,530,261,173
23396433,TR2,commercial,16,18,12,22,425,-409,39,24,42,15,4,4
35571719,TR2,domestic,115,115,84,103,160,248,328,301,392,208,138,74
14250331,TR2,domestic,230,207,197,215,375,389,666,632,659,630,359,255
70100128,TR2,commercial,480,359,479,522,776,817,775,904,858,976,672,749
11522848,TR2,domestic,167,213,197,147,232,207,245,278,226,279,132,176
11309336,TR2,domestic,56,0,25,49,74,18,122,124,141,47,1,22
11178644,TR2,commercial,8,8,4,4,14,22,24,21,21,21,15,8
35010510,TR2,domestic,59,40,47,74,119,173,210,185,184,170,61,28
35284178,TR2,domestic,250,190,198,194,368,415,597,549,591,482,311,255
12891869,TR2,commercial,7,16,17,11,23,22,31,21,24,20,9,10
23114412,TR2,domestic,0,0,2,0,4,0,54,220,234,243,172,144
35548512,TR2,domestic,9,3,25,24,89,227,390,394,437,322,125,16
35522410,TR2,domestic,56,50,56,67,188,292,509,433,437,403,212,92
70169243,TR2,commercial,90,92,102,118,208,136,107,1375,570,589,499,413
25215178,TR2,domestic,141,125,133,184,303,328,303,313,400,331,302,189
35548365,TR2,domestic,140,138,143,161,245,269,491,436,395,456,208,152
25330980,TR2,domestic,248,298,289,250,661,918,821,715,779,684,431,234
11891242,TR2,domestic,11,15,13,40,26,38,15,89,30,17,2,0
55230215,TR2,domestic,136,181,270,206,311,394,668,641,679,627,267,143
25130374,TR2,domestic,324,326,324,314,450,484,564,538,378,430,403,253
11152763,TR2,domestic,263,327,225,184,19,12,235,254,235,65,82,83
35540809,TR2,domestic,242,255,215,191,279,380,579,399,532,349,190,176
25243813,TR2,domestic,161,173,181,238,603,881,953,602,686,527,213,174
11152762,TR2,domestic,88,108,9,16,104,122,172,195,252,199,101,75
35540806,TR2,domestic,164,178,194,166,237,222,259,209,273,239,198,142
11865621,TR2,domestic,52,56,90,208,349,611,923,443,388,136,156,116
35540800,TR2,domestic,271,285,262,218,377,440,547,470,579,431,277,218
35540805,TR2,domestic,209,176,161,174,249,281,378,345,420,283,203,140
11101264,TR2,domestic,178,115,195,170,240,320,451,283,427,296,93,73
14209822,TR2,domestic,7,9,12,13,31,24,35,30,41,23,10,8
70041779,TR2,domestic,156,307,128,80,284,316,212,190,372,156,119,135
12345811,TR2,domestic,135,129,120,134,199,298,454,295,415,248,147,73
35540966,TR2,commercial,26,42,41,43,57,60,48,39,53,48,46,31
55202107,TR2,domestic,5,28,28,24,0,317,198,276,11,57,121,65
23507286,TR2,domestic,108,62,8,34,56,85,71,52,81,58,37,7
11201027,TR2,domestic,99,93,98,105,201,219,273,219,344,254,181,148
11508797,TR2,commercial,110,107,96,237,493,278,470,398,360,691,268,77
11259968,TR2,domestic,187,221,176,217,252,218,177,309,318,339,248,122
11259966,TR2,domestic,15,11,14,22,71,54,30,21,4,5,12,12
11814551,TR2,domestic,170,186,186,231,349,370,404,351,397,319,217,176
11659626,TR2,domestic,,,,,,,,,,,,
70072917,TR2,domestic,269,364,270,172,200,212,389,303,307,295,165,158
35592152,TR2,domestic,177,191,181,271,471,569,696,467,184,173,174,158
35192025,TR2,domestic,58,59,47,67,159,159,204,293,261,165,99,73
35553977,TR2,domestic,149,154,164,167,238,401,543,460,563,478,247,182
35548397,TR2,domestic,196,193,185,214,243,244,322,285,267,286,206,165
25311311,TR2,domestic,400,490,386,306,549,890,969,689,743,667,492,226
55231632,TR2,commercial,10,11,9,18,41,41,39,37,21,26,22,8
11317533,TR2,domestic,90,92,86,144,304,308,346,371,366,380,233,187
70069839,TR2,domestic,25,0,6,15,15,14,134,154,167,182,138,95
25327683,TR2,domestic,157,131,138,144,220,251,447,414,296,272,261,187
11757884,TR2,domestic,122,117,12,15,467,729,606,0,14,0,0,0
11840793,TR2,domestic,91,145,137,148,368,519,533,338,337,451,257,247
35142513,TR2,domestic,252,293,247,237,298,382,622,443,441,351,256,215
55143204,TR2,commercial,16,16,21,20,29,27,29,25,35,37,27,20
70069843,TR2,domestic,76,95,84,92,132,187,302,337,301,401,275,137
11267947,TR2,domestic,118,121,125,156,430,558,790,506,492,472,247,88
11267945,TR2,domestic,17,15,42,33,52,43,62,56,71,64,75,61
11267946,TR2,domestic,145,175,164,156,401,650,734,507,499,442,158,144
11805377,TR2,domestic,123,124,89,129,295,343,381,389,345,350,200,170
14285885,TR2,domestic,360,402,326,227,248,271,229,355,275,367,186,244
11610796,TR2,domestic,251,276,226,219,210,244,384,365,395,313,222,224
11804707,TR2,domestic,102,79,104,94,34,0,0,0,0,0,0,95
11837091,TR2,domestic,54,72,74,96,278,264,320,283,320,384,253,128
70161069,TR2,commercial,13,12,11,12,14,0,0,0,0,42,35,0
11227167,TR2,domestic,78,161,148,45,41,170,291,226,241,184,132,80
12850881,TR2,domestic,217,238,217,208,227,258,438,435,413,370,229,202
11296791,TR2,domestic,235,252,193,181,246,256,285,322,295,269,193,168
11296720,TR2,domestic,68,61,48,97,125,150,136,155,119,119,143,144
11589244,TR2,domestic,137,127,131,158,288,330,346,350,274,263,208,100
11300159,TR2,domestic,50,13,21,26,89,143,186,232,214,136,73,78
35248086,TR2,domestic,143,139,112,187,251,236,539,414,404,426,219,188
11303384,TR2,domestic,89,78,78,143,219,191,234,220,207,183,145,93
11307971,TR2,domestic,127,133,109,86,155,226,325,402,336,398,182,98
11811413,TR2,domestic,105,93,92,141,226,295,409,364,376,400,182,134
11306252,TR2,domestic,182,196,215,239,341,344,389,394,417,418,329,271
11312743,TR2,domestic,143,68,97,86,24,48,125,49,73,77,50,68
25106023,TR2,domestic,148,173,131,147,259,389,682,669,701,634,202,136
11310931,TR2,domestic,141,143,134,151,208,642,640,651,702,488,199,126
25106156,TR2,domestic,51,64,68,56,90,45,20,151,179,129,124,82
55208245,TR2,commercial,197,201,200,183,207,195,202,155,17,258,273,223
14263307,TR2,domestic,142,132,131,146,206,473,851,481,239,274,210,179
55230629,TR2,domestic,62,0,0,83,176,254,431,557,573,398,0,421
14254966,TR2,domestic,308,399,296,326,596,648,688,684,647,634,300,181
14260568,TR2,domestic,308,403,253,176,338,499,929,597,543,533,169,153
11502081,TR2,domestic,256,230,221,324,993,1346,1753,1641,1272,1396,614,284
14265290,TR2,domestic,189,210,199,194,223,260,412,332,332,337,196,165
14259964,TR2,domestic,92,142,111,50,122,96,172,181,121,96,107,69
14258932,TR2,domestic,79,109,92,26,55,158,243,193,221,171,99,107
14258925,TR2,domestic,62,58,59,47,130,195,143,186,200,184,94,89
11316290,TR2,domestic,138,126,129,156,234,267,442,366,409,372,269,195
11316511,TR2,domestic,27,26,28,39,107,94,122,148,142,157,120,99
35601211,TR2,domestic,174,80,126,73,109,112,178,173,156,137,92,71
11499359,TR2,domestic,42,72,75,130,290,558,762,659,557,566,258,188
11330301,TR2,domestic,141,117,91,126,355,383,664,426,364,160,182,109
11519992,TR2,domestic,50,58,52,83,256,79,25,42,151,90,43,76
11311517,TR2,domestic,240,235,225,182,293,425,588,393,589,335,179,191
55229508,TR2,commercial,42,42,46,42,67,80,137,172,138,163,84,55
11646144,TR2,domestic,130,226,219,227,449,506,723,621,548,469,296,212
11992814,TR2,domestic,67,78,93,111,112,142,129,140,105,131,110,69
11334993,TR2,domestic,91,122,120,139,543,647,934,642,642,739,268,156
11334991,TR2,domestic,132,143,156,171,268,324,469,498,423,407,241,200
11334920,TR2,domestic,168,223,184,205,475,602,748,588,584,536,285,204
11334992,TR2,domestic,57,48,55,80,134,169,182,163,132,87,123,107
14285180,TR2,domestic,94,92,96,62,31,0,280,27,56,63,25,142
11846915,TR2,domestic,83,65,68,56,166,179,268,216,148,126,96,73
11846916,TR2,domestic,192,197,147,177,246,323,317,303,290,283,211,183
11336594,TR2,domestic,142,136,155,152,376,367,693,442,605,288,144,124
35199954,TR2,domestic,111,107,112,121,252,417,366,360,355,164,91,122
11346354,TR2,domestic,221,252,254,276,385,587,845,648,654,668,346,326
11346353,TR2,domestic,283,361,295,256,296,481,965,716,668,676,229,241
11650855,TR2,commercial,151,93,132,127,117,160,114,136,136,92,144,116
25131909,TR2,domestic,184,177,135,141,230,174,241,242,214,266,236,179
55218430,TR2,commercial,84,18,0,0,0,0,0,71,35,35,33,27
17070919,TR2,domestic,423,352,350,689,1451,1767,1699,1275,1166,845,433,415
17070916,TR2,domestic,607,512,504,778,1434,1662,1630,1793,1503,1247,838,338
17070917,TR2,domestic,353,177,268,255,382,776,823,640,684,321,19,133
11367143,TR2,commercial,75,78,102,151,230,300,400,369,332,393,176,81
11371324,TR2,domestic,373,395,391,390,487,555,794,569,620,384,309,313
11128885,TR2,domestic,76,66,69,101,216,480,360,375,302,343,229,103
35571710,TR2,domestic,133,131,124,123,351,670,548,158,298,341,207,87
55230105,TR2,domestic,82,95,89,112,329,388,597,474,446,0,100,70
11378974,TR2,domestic,43,51,39,275,526,605,817,638,811,389,136,90
11379022,TR2,domestic,125,112,122,84,202,226,360,379,332,374,184,77
25140319,TR2,domestic,2,49,87,79,244,151,0,73,35,258,105,36
25140441,TR2,domestic,60,44,45,74,94,82,94,122,49,48,71,55
19006494,TR2,domestic,8960,7160,7040,6160,8320,7560,9200,7880,10720,5584,11216,5560
11496687,TR2,domestic,58,41,13,38,93,123,102,122,140,130,110,63
11804686,TR2,domestic,245,310,228,246,283,605,718,641,701,633,164,79
11394849,TR2,domestic,295,269,342,260,427,473,495,349,544,357,310,347
11400919,TR2,domestic,437,438,404,297,321,345,533,451,281,356,305,150
35431098,TR2,domestic,203,187,179,176,311,510,592,473,523,422,300,242
11847412,TR2,domestic,116,113,130,137,193,247,283,570,851,626,158,105
55208383,TR2,commercial,176,159,151,162,253,349,505,810,283,503,561,295
35543690,TR2,domestic,469,469,359,357,936,872,792,897,939,485,287,437
12884194,TR2,domestic,215,273,253,209,201,208,298,317,335,281,158,148
35543689,TR2,domestic,278,287,178,144,425,688,736,331,155,291,113,124
11406707,TR2,domestic,198,204,205,224,241,286,469,434,394,266,234,221
11416881,TR2,domestic,320,312,348,329,386,568,443,664,479,478,390,277
55208380,TR2,commercial,102,141,88,114,261,377,420,327,144,198,128,112
11416860,TR2,domestic,125,122,113,128,176,334,470,511,696,495,199,131
11421586,TR2,domestic,31,51,59,50,264,337,491,458,363,318,105,72
11421587,TR2,domestic,0,44,80,99,125,124,145,123,96,113,83,103
11426302,TR2,domestic,65,72,99,69,118,147,170,155,163,150,124,86
55200508,TR2,commercial,7,5,7,8,19,24,20,25,18,17,25,10
25151696,TR2,domestic,56,142,249,390,665,588,745,584,660,620,524,658
25152662,TR2,domestic,66,57,66,81,111,123,219,198,163,153,85,33
25152109,TR2,domestic,88,96,87,85,167,188,283,233,241,183,118,84
25152107,TR2,domestic,187,187,183,174,273,349,595,49,190,315,107,124
25152108,TR2,domestic,223,264,229,233,351,412,472,444,409,466,398,281
25152110,TR2,domestic,90,121,107,99,225,311,434,349,262,179,197,114
25155731,TR2,commercial,9,66,260,291,56,116,11,4,5,4,5,6
70079542,TR2,commercial,127,99,168,142,383,445,206,264,336,287,166,137
11430719,TR2,domestic,83,85,110,156,322,488,585,503,497,437,192,154
11992614,TR2,domestic,305,355,296,268,417,560,903,726,776,653,411,236
35570707,TR2,domestic,466,161,135,100,119,90,184,93,38,1,18,1
11719802,TR2,domestic,224,201,200,215,641,769,1056,927,830,919,509,330
14181384,TR2,domestic,105,111,99,127,161,143,210,152,136,108,113,71
11448113,TR2,domestic,84,89,85,72,143,75,8,147,131,156,116,85
11448111,TR2,domestic,182,210,210,203,277,324,429,409,388,303,208,154
11448112,TR2,domestic,114,172,90,67,144,12,0,64,73,57,115,70
11449274,TR2,domestic,274,274,293,236,300,324,594,534,510,462,234,229
11450757,TR2,domestic,104,86,83,109,190,401,552,436,443,458,172,136
11437333,TR2,domestic,86,120,118,248,373,318,19,16,3,1,1,0
11453380,TR2,domestic,74,61,50,86,98,16,0,87,178,202,168,117
11453379,TR2,domestic,76,224,89,65,131,173,170,143,188,136,61,53
11453378,TR2,domestic,189,149,152,123,120,168,133,179,202,140,160,203
11453375,TR2,domestic,99,121,125,214,781,978,183,0,200,564,110,74
11453778,TR2,domestic,177,224,185,184,247,378,464,301,342,289,162,125
11453779,TR2,domestic,75,81,105,86,133,123,151,263,190,143,24,7
11263569,TR2,domestic,118,139,110,120,213,223,279,275,285,279,189,122
11453781,TR2,domestic,93,80,87,103,152,221,236,197,220,222,134,154
35530849,TR2,domestic,16,10,14,49,194,366,298,350,370,295,110,3
11455649,TR2,domestic,14,13,20,22,14,79,122,106,86,15,8,27
11456922,TR2,domestic,26,25,22,33,50,77,124,107,125,135,65,52
55231628,TR2,commercial,41,44,46,50,38,5,5,4,34,63,97,64
11459533,TR2,domestic,210,241,178,111,340,361,430,519,499,456,125,155
11455933,TR2,domestic,175,94,0,61,98,262,237,522,395,412,187,42
11451121,TR2,commercial,571,718,757,1049,330,277,232,234,406,372,217,225
11471917,TR2,domestic,13,45,24,8,38,69,49,77,48,81,82,32
55207022,TR2,commercial,111,130,128,137,182,346,456,138,452,267,244,165
70069832,TR2,domestic,100,99,10,13,8,2,0,0,9,25,12,13
22809541,TR2,domestic,17,66,43,19,114,166,234,242,272,185,67,80
12906219,TR2,domestic,136,166,141,170,411,387,599,466,346,378,235,204
17901634,TR2,domestic,286,245,241,201,482,325,161,234,483,344,231,215
11477216,TR2,domestic,229,102,48,42,157,209,222,234,221,239,137,87
11484422,TR2,domestic,136,118,99,143,128,63,24,169,187,236,191,126
11483560,TR2,domestic,104,101,89,118,236,270,364,400,327,286,205,109
11478055,TR2,domestic,45,55,38,47,96,154,237,117,144,60,35,53
11481479,TR2,domestic,55,52,50,87,171,201,179,195,216,191,91,58
11509740,TR2,domestic,352,225,303,380,472,520,345,417,546,438,250,200
11509666,TR2,domestic,267,306,300,325,664,1119,1091,884,659,540,311,247
11526306,TR2,domestic,419,568,419,342,458,753,808,687,761,590,444,360
11526307,TR2,domestic,94,95,86,114,213,241,214,43,6,163,139,134
11525886,TR2,domestic,133,148,135,183,312,311,448,387,357,363,219,180
11525885,TR2,domestic,83,67,67,81,223,218,282,289,331,324,146,23
11527471,TR2,domestic,13,30,30,25,87,94,61,60,68,7,9,30
55231629,TR2,commercial,154,147,129,156,204,216,300,334,241,328,217,113
11322983,TR2,domestic,93,67,81,137,364,419,583,456,562,519,359,230
11532469,TR2,domestic,33,35,40,101,206,278,260,137,233,83,45,29
11532470,TR2,domestic,113,0,113,114,192,520,540,303,351,200,166,113
11532468,TR2,domestic,57,77,98,179,256,639,340,65,62,61,60,48
55208381,TR2,commercial,77,83,82,82,123,145,134,147,63,107,158,119
55208382,TR2,commercial,83,88,82,87,86,115,111,104,42,70,115,75
11534845,TR2,domestic,155,155,151,88,91,112,109,85,113,75,61,67
11534846,TR2,domestic,369,321,203,214,329,333,352,173,190,153,158,187
11534326,TR2,domestic,40,53,2,84,313,521,724,595,699,615,261,101
11538961,TR2,domestic,7,3,33,37,140,23,30,3,1,83,61,23
11549564,TR2,domestic,62,71,97,119,232,194,148,155,215,192,103,72
11551611,TR2,commercial,31,32,65,136,93,126,147,143,181,114,90,83
11719809,TR2,domestic,66,64,66,74,110,102,142,126,133,86,99,76
17078720,TR2,domestic,88,83,81,67,75,75,79,105,79,92,100,84
55115540,TR2,domestic,0,0,0,0,0,0,1,0,1,32,33,93
55207169,TR2,commercial,21,22,19,24,38,33,34,39,18,19,33,21
11565051,TR2,domestic,56,87,92,90,113,152,172,163,111,190,104,81
11577928,TR2,domestic,93,93,44,13,18,34,27,100,119,32,45,30
11577927,TR2,domestic,154,142,119,120,194,228,228,226,188,171,144,158
11583681,TR2,domestic,97,111,60,71,65,69,62,66,71,62,51,67
35329580,TR2,domestic,191,247,185,181,529,519,617,551,484,481,223,154
11581825,TR2,domestic,433,395,385,395,765,1159,987,1144,1284,946,478,305
11581823,TR2,domestic,428,429,380,364,434,543,708,677,730,625,447,300
11581824,TR2,domestic,133,147,185,168,523,816,752,731,772,753,475,125
11593250,TR2,domestic,175,165,142,48,12,10,14,4,5,3,4,4
11593571,TR2,domestic,0,5,1,0,0,1,516,769,859,667,300,303
11609776,TR2,domestic,86,78,79,105,130,198,204,180,149,162,81,30
11617170,TR2,domestic,285,391,375,353,501,876,823,975,1032,931,417,261
11626173,TR2,domestic,120,110,105,72,357,427,676,360,360,353,148,91
11626174,TR2,domestic,60,66,72,26,35,53,94,68,64,59,49,68
11627563,TR2,domestic,229,198,199,211,294,399,622,469,481,415,256,165
11635388,TR2,domestic,172,148,119,97,195,303,395,304,285,326,97,86
11625120,TR2,domestic,148,155,164,193,266,296,348,325,341,343,212,173
11846918,TR2,domestic,73,90,67,72,116,163,153,119,102,142,70,50
11416865,TR2,domestic,315,315,311,278,332,579,615,575,533,501,291,233
11649207,TR2,domestic,129,130,130,179,225,252,299,333,319,298,224,191
13863487,TR2,domestic,0,0,0,0,0,0,0,0,0,116,89,1
11659626,TR2,domestic,57,16,152,194,238,232,323,527,617,532,180,114
11676473,TR2,domestic,332,351,313,266,317,159,525,163,121,320,196,147
35553735,TR2,domestic,93,81,75,91,92,90,96,84,106,94,47,54
11665196,TR2,domestic,19,12,11,12,69,159,191,182,128,64,47,28
11701955,TR2,domestic,55,68,58,62,248,254,169,247,213,269,175,96
11682879,TR2,domestic,205,246,214,159,215,324,249,243,255,269,194,104
17081911,TR2,domestic,155,136,131,131,138,142,168,147,143,137,159,148
11717702,TR2,domestic,77,70,76,77,171,175,113,230,303,311,166,100
11717704,TR2,domestic,359,539,180,137,629,824,892,773,645,680,7,22
11717706,TR2,domestic,69,77,66,61,147,265,314,236,238,258,103,108
11717705,TR2,domestic,57,52,54,55,96,80,140,189,198,189,116,66
11717703,TR2,domestic,49,79,72,53,98,36,9,41,46,69,47,29
11147682,TR2,domestic,219,453,253,207,273,313,505,503,456,350,207,130
11727131,TR2,domestic,341,416,457,510,904,993,836,813,1097,744,439,351
55207167,TR2,commercial,11,13,14,19,26,20,34,30,2,23,17,9
11727107,TR2,domestic,22,32,35,37,118,91,121,94,129,99,44,22
55207168,TR2,commercial,15,17,22,28,40,41,57,50,4,48,40,31
11727106,TR2,domestic,81,108,103,153,220,249,292,249,135,88,74,76
11731457,TR2,domestic,153,162,147,152,218,228,270,235,238,132,86,108
35548381,TR2,domestic,102,150,145,187,239,303,386,377,308,355,267,131
25284482,TR2,domestic,115,116,89,108,199,176,0,0,1,0,1,0
11606759,TR2,domestic,233,332,308,249,348,292,242,436,448,415,203,168
11647587,TR2,domestic,128,139,125,167,451,742,925,691,777,586,425,215
11739941,TR2,domestic,131,155,137,161,283,272,351,327,354,322,225,111
11988030,TR2,domestic,88,101,96,93,160,194,222,188,2,65,135,68
11767462,TR2,domestic,54,57,55,58,207,255,408,265,235,266,170,77
11784362,TR2,domestic,192,198,164,161,225,269,255,241,244,251,178,188
11784361,TR2,domestic,41,38,49,59,247,400,625,361,347,364,140,81
11826319,TR2,domestic,227,247,218,231,393,476,641,601,598,602,305,246
11824853,TR2,domestic,159,151,165,182,302,297,317,271,296,278,202,134
11831616,TR2,commercial,240,260,301,573,589,468,323,350,371,338,183,157
55231630,TR2,commercial,62,63,69,78,112,127,104,105,103,110,100,62
11857846,TR2,domestic,39,38,49,62,87,144,292,213,247,242,60,52
55232596,TR2,domestic,79,78,78,0,78,374,0,261,274,0,0,120
70184407,TR2,domestic,586,485,503,450,577,713,1035,1910,1566,1308,632,578
11108827,TR2,commercial,146,190,200,132,272,376,257,335,295,71,30,163
11656354,TR2,domestic,194,282,512,379,657,859,1149,837,839,691,463,290
35603797,TR2,domestic,160,45,122,138,277,488,464,314,441,289,141,83
11887434,TR2,domestic,6,7,4,4,4,6,142,355,348,314,183,93
35004876,TR2,commercial,31,29,34,24,34,28,31,29,20,36,33,24
35021977,TR2,domestic,212,212,201,84,37,1,3,3,7,3,3,3
35021979,TR2,domestic,46,61,40,82,137,96,100,85,133,124,7,71
35009720,TR2,domestic,63,68,63,23,83,198,239,249,296,646,305,121
35012361,TR2,domestic,143,307,125,108,199,323,517,288,349,251,131,118
25197069,TR2,domestic,244,215,218,169,262,304,111,203,405,350,178,172
25197080,TR2,domestic,45,69,69,60,75,70,86,81,99,90,48,32
25197079,TR2,domestic,92,109,85,77,113,139,163,162,143,122,78,53
25197033,TR2,domestic,55,66,50,17,50,57,57,75,66,73,44,41
25196011,TR2,domestic,180,253,218,178,259,410,351,284,333,206,196,147
35386934,TR2,domestic,90,80,86,145,357,379,386,424,438,361,244,156
11847411,TR2,domestic,114,111,92,134,185,186,196,214,218,246,133,136
25203953,TR2,domestic,180,172,121,128,413,513,918,720,772,614,254,185
25198702,TR2,domestic,94,158,127,102,346,651,705,590,591,634,300,174
25221749,TR2,domestic,136,161,171,216,559,374,200,195,203,171,194,181
25221750,TR2,domestic,128,103,145,137,162,189,241,232,228,428,193,188
55217385,TR2,commercial,0,1,1,0,0,0,3,1,0,0,1,0
11992680,TR2,domestic,44,82,73,49,136,162,119,109,162,151,115,45
35045170,TR2,domestic,29,69,66,72,227,273,183,470,691,476,279,218
35045169,TR2,domestic,54,24,19,19,92,167,198,74,46,50,40,46
35045361,TR2,domestic,110,113,96,106,166,179,216,210,203,211,154,95
35045168,TR2,domestic,62,66,65,77,138,170,117,262,289,284,174,101
25347054,TR2,domestic,373,392,337,334,441,525,667,223,176,210,254,220
11964929,TR2,commercial,30,24,24,34,38,65,72,64,55,70,42,28
11967189,TR2,domestic,22,28,31,37,85,312,531,204,71,111,56,44
11967188,TR2,domestic,188,330,289,112,132,259,45,466,490,455,188,131
11967187,TR2,domestic,126,144,146,167,42,23,14,250,358,416,328,191
11973658,TR2,domestic,165,172,211,178,235,298,375,351,370,299,180,170
11973659,TR2,domestic,101,92,94,95,157,182,324,346,344,405,300,126
11973660,TR2,commercial,3,4,6,5,14,19,30,30,33,28,15,4
17086932,TR2,domestic,97,89,87,90,144,130,121,144,122,140,144,123
35055803,TR2,domestic,32,19,21,27,51,55,25,25,26,33,16,9
35055804,TR2,domestic,62,66,68,74,141,171,464,411,331,353,109,105
35063111,TR2,domestic,74,73,56,45,129,344,410,397,228,277,92,34
35051122,TR2,domestic,248,142,0,0,27,59,16,324,185,297,115,153
35064143,TR2,domestic,37,28,28,29,204,412,486,483,453,329,102,74
35074133,TR2,domestic,105,82,68,82,112,175,208,301,214,190,173,147
11681059,TR2,domestic,290,359,366,319,341,310,414,274,194,88,110,196
25242896,TR2,domestic,3,1,6,5,0,0,1,1,5,67,165,138
35557863,TR2,domestic,111,552,434,516,1194,1200,1633,1256,1236,1181,580,512
25242390,TR2,domestic,203,314,230,14,282,280,336,256,276,302,281,108
25242424,TR2,domestic,290,261,192,186,298,439,537,504,489,470,26,126
25245735,TR2,domestic,204,248,246,269,309,426,705,651,710,721,500,286
35085330,TR2,domestic,222,221,104,119,339,359,516,493,446,373,217,127
35083147,TR2,domestic,166,176,167,187,392,360,654,584,499,95,184,119
35081565,TR2,domestic,90,143,131,143,383,452,524,468,492,423,195,108
35081563,TR2,domestic,117,47,96,90,339,489,856,702,654,706,226,150
35081564,TR2,domestic,235,190,237,165,261,239,405,115,57,43,6,6
35385188,TR2,domestic,414,537,524,346,562,1012,994,876,988,830,483,337
35127153,TR2,domestic,206,221,181,192,322,412,464,450,545,449,284,182
35133384,TR2,domestic,96,91,93,100,104,119,119,102,110,108,81,77
35133385,TR2,domestic,214,219,213,224,248,261,277,268,339,304,199,181
35133303,TR2,commercial,0,1,1,360,-360,0,0,0,0,0,3,0
35150987,TR2,domestic,154,157,149,95,0,0,0,0,0,0,0,0
35150986,TR2,domestic,0,0,0,73,262,327,413,372,369,350,140,110
55229169,TR2,commercial,9,8,11,20,33,32,28,34,25,23,10,33
35181361,TR2,commercial,0,0,0,1,0,0,0,0,0,1,0,0
25322971,TR2,domestic,93,89,102,76,133,106,186,55,2,0,19,97
11804722,TR2,domestic,75,66,66,85,136,185,197,184,161,176,81,46
12431342,TR2,domestic,165,174,165,178,188,257,329,357,382,378,176,161
35201519,TR2,domestic,0,0,2,55,159,200,119,103,100,107,70,68
25266937,TR2,domestic,102,88,109,151,242,44,2,0,0,89,107,92
25269418,TR2,domestic,129,110,101,105,169,274,356,366,332,300,120,88
25288956,TR2,commercial,657,479,340,384,49,4,2,5,6,3,1,2
25288961,TR2,domestic,55,142,174,109,304,336,548,340,349,392,191,132
35408277,TR2,domestic,43,47,30,6,23,71,106,134,139,142,85,65
25300291,TR2,domestic,5,13,51,117,331,402,320,468,420,464,301,210
25300292,TR2,domestic,152,179,156,149,237,144,84,185,180,157,61,7
25300293,TR2,domestic,191,182,167,165,221,203,197,167,143,48,128,39
25309970,TR2,domestic,164,125,143,173,341,350,393,407,460,395,264,167
25309156,TR2,domestic,157,185,154,202,314,262,276,263,241,323,391,270
11492049,TR2,domestic,38,68,77,82,93,195,369,253,199,203,120,61
25314532,TR2,domestic,103,144,121,160,299,339,600,412,346,302,278,212
25314530,TR2,domestic,360,500,350,194,613,801,910,648,642,642,217,189
25314531,TR2,domestic,109,108,83,144,333,302,236,169,269,235,149,91
25313895,TR2,domestic,1,1,183,215,234,42,0,86,260,249,206,107
25296632,TR2,domestic,263,255,281,194,699,891,1065,796,774,693,289,182
25296629,TR2,domestic,159,151,125,110,200,308,780,537,478,512,205,83
25296628,TR2,domestic,210,231,244,262,306,339,565,556,675,599,426,261
35223453,TR2,domestic,192,181,193,279,592,652,657,621,603,661,475,359
35219754,TR2,domestic,74,56,50,57,159,146,118,114,138,137,91,43
35225667,TR2,domestic,45,73,41,24,126,198,275,178,156,138,85,35
35225668,TR2,domestic,45,48,49,49,152,287,396,301,311,270,151,78
35220569,TR2,domestic,208,240,215,168,285,358,661,407,425,390,223,181
55230679,TR2,commercial,5,17,23,15,11,30,64,71,67,57,18,4
35231314,TR2,domestic,142,157,135,145,242,374,568,418,408,349,426,203
35230712,TR2,domestic,56,47,56,70,97,130,185,186,204,205,87,67
35548380,TR2,domestic,155,77,24,118,213,163,303,200,255,270,186,107
35254775,TR2,domestic,89,183,173,181,312,321,461,471,427,173,126,118
35254776,TR2,domestic,239,265,228,246,322,462,604,547,598,506,329,241
35259619,TR2,domestic,121,132,128,113,197,351,399,576,472,480,276,139
25353278,TR2,domestic,102,59,98,77,120,231,246,269,235,281,137,99
14168757,TR2,domestic,168,166,184,171,238,365,333,352,331,327,227,59
35284180,TR2,domestic,0,0,0,0,0,0,0,0,0,0,0,0
55231627,TR2,commercial,234,287,266,296,357,438,462,554,537,456,389,321
35356479,TR2,domestic,48,59,54,56,156,191,240,208,199,205,95,49
35358492,TR2,domestic,152,209,190,98,496,578,712,491,503,505,128,109
25300793,TR2,domestic,51,48,46,48,2,3,2,3,3,0,0,0
35363086,TR2,domestic,82,130,100,125,202,173,151,135,194,159,158,98
35299909,TR2,domestic,0,0,0,0,0,0,0,0,0,0,0,0
35299912,TR2,domestic,0,1,0,0,0,0,0,0,0,0,0,0
35299911,TR2,domestic,4,0,0,0,0,0,0,0,0,0,0,0
35299910,TR2,domestic,25,24,25,27,24,24,24,24,25,23,25,26
11376056,TR2,domestic,184,284,229,200,387,796,524,633,737,654,341,189
25321054,TR2,domestic,68,40,35,81,156,213,200,195,229,208,190,147
55207164,TR2,commercial,11,12,12,12,40,37,40,38,16,21,34,14
35324635,TR2,domestic,137,105,131,128,138,125,101,68,40,78,99,78
25325691,TR2,domestic,307,298,337,357,935,1282,998,1034,825,621,548,296
25325688,TR2,domestic,336,200,251,401,355,501,326,917,735,1308,1075,481
25325689,TR2,domestic,46,52,45,61,123,160,378,1141,771,503,1051,1111
25325690,TR2,domestic,345,407,494,416,724,863,898,946,1027,983,590,378
11695277,TR2,domestic,120,130,114,128,254,273,444,429,448,510,237,181
11379941,TR2,domestic,123,233,225,255,261,325,337,349,390,276,190,145
35339053,TR2,domestic,63,59,64,106,167,187,163,164,140,159,64,50
35339114,TR2,domestic,120,133,140,159,188,204,478,434,449,450,168,138
35339115,TR2,domestic,18,13,40,16,16,77,87,72,79,42,5,1
35344204,TR2,domestic,235,176,145,178,380,551,634,398,358,329,189,122
35343395,TR2,domestic,100,115,100,99,234,393,692,344,222,288,171,154
35344526,TR2,domestic,156,164,158,141,285,336,358,358,356,288,169,140
35342982,TR2,domestic,0,1,0,0,0,0,0,0,0,0,0,0
25329275,TR2,domestic,113,120,121,131,182,177,196,157,163,171,144,124
25215183,TR2,commercial,7,3,0,5,9,5,7,4,3,4,1,3
35272864,TR2,domestic,92,178,90,230,301,309,320,217,481,205,156,159
35272238,TR2,domestic,180,170,173,206,352,311,593,308,231,331,143,100
35369411,TR2,domestic,90,126,97,54,95,97,115,129,104,127,69,60
25320915,TR2,domestic,62,81,78,85,193,195,234,229,244,282,164,122
35394723,TR2,domestic,26,25,34,36,35,39,43,70,97,255,72,34
35378143,TR2,domestic,90,90,92,132,254,245,315,256,265,196,149,94
25327299,TR2,domestic,188,221,208,201,506,595,766,657,647,711,422,224
35430262,TR2,domestic,253,296,252,191,414,552,775,317,72,531,263,224
35430261,TR2,domestic,169,214,193,225,441,861,457,801,776,638,328,187
11605840,TR2,domestic,206,182,227,257,344,372,437,363,371,411,276,237
35455575,TR2,domestic,57,48,50,82,156,191,182,144,121,121,104,76
35455479,TR2,domestic,86,92,93,140,289,321,278,266,289,196,100,99
35484650,TR2,domestic,7,8,10,7,7,4,0,5,14,7,113,62
35459265,TR2,domestic,112,125,98,110,196,378,610,346,478,396,212,163
35465946,TR2,domestic,139,154,161,311,469,420,236,117,34,26,13,43
35465947,TR2,domestic,279,330,273,209,430,488,636,527,341,356,161,167
35465948,TR2,domestic,426,255,166,151,512,862,1072,493,202,405,175,140
35283816,TR2,domestic,185,217,202,247,350,355,300,217,219,219,157,129
25351839,TR2,domestic,143,80,100,123,194,316,370,318,389,360,339,93
25360894,TR2,domestic,28,34,42,32,58,50,75,63,59,51,34,28
35483367,TR2,domestic,91,91,87,73,154,219,290,206,182,153,66,63
70035252,TR2,domestic,10,134,93,126,127,295,222,302,208,227,53,72
35053541,TR2,domestic,74,79,93,75,156,115,38,215,125,238,101,101
70040494,TR2,domestic,0,0,0,0,129,383,376,363,193,200,73,17
35421247,TR2,domestic,399,337,332,285,491,824,704,899,507,457,267,217
35497883,TR2,domestic,59,80,41,87,132,124,186,158,198,184,103,84
35502839,TR2,domestic,138,108,127,172,347,372,658,550,676,485,267,109
35502838,TR2,domestic,149,180,204,158,277,714,736,270,355,285,262,214
35510674,TR2,domestic,204,219,266,265,461,676,1308,1086,1137,1179,488,227
35510393,TR2,domestic,159,133,93,77,184,187,434,453,370,302,122,98
35548360,TR2,domestic,98,109,103,136,196,184,206,213,215,226,127,82
35424618,TR2,domestic,49,37,50,30,45,35,7,1,5,51,126,89
35423863,TR2,domestic,96,90,91,88,101,126,188,124,192,184,110,69
70056072,TR2,domestic,49,54,41,39,85,159,163,117,545,809,383,301
70055634,TR2,domestic,123,434,368,322,887,1100,1846,1046,490,770,76,33
70057264,TR2,domestic,81,83,58,56,124,248,478,295,209,213,57,52
55200509,TR2,commercial,51,48,44,45,76,66,80,91,94,89,81,58
35529987,TR2,domestic,136,155,145,134,189,464,667,487,447,388,130,123
35525061,TR2,domestic,0,0,0,0,0,0,0,178,287,227,94,86
35530400,TR2,domestic,218,177,179,205,323,405,271,425,366,437,226,186
35530401,TR2,domestic,64,72,64,86,52,88,119,167,21,187,99,110
35530794,TR2,domestic,47,35,39,53,120,121,145,122,108,87,99,89
35530402,TR2,domestic,38,28,23,40,63,135,175,190,134,140,76,41
35532608,TR2,domestic,0,0,0,0,0,0,0,0,0,0,0,0
11979048,TR2,domestic,201,459,267,126,218,287,204,276,265,295,134,146
35532513,TR2,domestic,65,160,183,148,533,593,910,670,289,388,200,73
35532514,TR2,domestic,8,9,13,24,292,365,539,349,161,160,74,10
35020817,TR2,domestic,7,12,7,7,6,7,6,23,2,5,5,5
35551790,TR2,domestic,0,0,22,88,322,347,557,426,433,392,228,100
35551791,TR2,domestic,2,2,11,2,60,146,178,280,234,136,112,79
35553214,TR2,domestic,3,4,4,5,9,3,2,5,3,12,136,126
35552011,TR2,domestic,111,189,210,193,305,431,510,481,470,440,221,231
25357689,TR2,commercial,74,72,75,82,121,123,173,191,224,199,134,107
55147970,TR2,domestic,208,274,229,273,432,414,724,724,556,885,511,392
35573387,TR2,domestic,79,83,74,99,128,139,166,198,191,220,153,136
35573388,TR2,domestic,228,230,230,292,393,432,489,500,530,596,417,296
70088935,TR2,commercial,87,220,165,219,114,40,62,125,154,186,261,702
35284180,TR2,domestic,114,0,11,2,106,278,320,308,432,350,242,148
35581960,TR2,domestic,4,6,0,0,3,-3,0,52,1,11,27,57
11525884,TR2,domestic,0,142,179,181,342,431,612,539,576,637,262,164
22862386,TR2,domestic,0,452,405,301,708,966,1332,1092,1098,1174,678,328
11300157,TR2,domestic,0,59,69,90,111,83,25,206,210,298,146,102
11804685,TR2,domestic,0,0,100,109,299,544,323,347,302,467,202,165
11484205,TR2,domestic,0,0,0,0,334,318,562,364,332,356,139,79
11447815,TR2,domestic,0,0,0,0,96,121,287,521,464,343,86,58
35530403,TR2,domestic,0,0,0,0,92,95,93,126,106,112,44,50
55139706,TR2,domestic,0,0,0,0,0,0,278,150,164,269,202,192
55139914,TR2,domestic,0,0,0,0,0,0,386,196,159,229,175,118
55139913,TR2,domestic,0,0,0,0,0,0,96,145,199,226,101,72
70151157,TR2,domestic,0,0,0,0,0,0,876,609,635,592,295,215
14103879,TR2,commercial,0,0,0,0,0,0,2,2,2,3,2,1
35369088,TR2,domestic,0,0,0,0,0,0,207,182,186,177,122,102
14101064,TR2,domestic,0,0,0,0,0,0,835,575,544,446,271,268
11183540,TR2,domestic,0,0,0,0,0,0,88,190,153,171,98,62
70156972,TR2,domestic,0,0,0,0,0,0,97,196,198,186,74,55
70179070,TR2,domestic,0,0,0,0,0,0,11,91,171,159,109,149
70179071,TR2,domestic,0,0,0,0,0,0,303,723,662,523,259,159
70179072,TR2,domestic,0,0,0,0,0,0,1,11,119,154,99,102
70202246,TR2,domestic,0,0,0,0,0,0,0,214,151,174,89,59
70202245,TR2,commercial,0,0,0,0,0,0,0,22,39,27,18,7
35202700,TR2,domestic,0,0,0,0,0,0,0,724,826,675,414,221
11526305,TR2,domestic,0,0,0,0,0,0,0,565,766,726,388,261
55171585,TR2,domestic,0,0,0,0,0,0,0,0,36,247,164,116
55183207,TR2,domestic,0,0,0,0,0,0,0,0,0,128,75,64
23809121,TR2,domestic,0,0,0,0,0,0,0,0,0,222,206,293
12865673,TR2,domestic,0,0,0,0,0,0,0,0,0,120,113,41
70236054,TR2,domestic,0,0,0,0,0,0,0,0,0,0,175,148
11564242,TR2,domestic,0,0,0,0,0,0,0,0,0,0,189,157
11157963,TR2,domestic,0,0,0,0,0,0,0,0,0,0,135,115
11409740,TR2,domestic,0,0,0,0,0,0,0,0,0,0,287,149
55227456,TR2,commercial,0,0,0,0,0,0,0,0,0,0,100,104
55231359,TR2,commercial,0,0,0,0,0,0,0,0,0,0,97,102
55234164,TR2,domestic,0,0,0,0,0,0,0,0,0,0,148,210
70245103,TR2,domestic,0,0,0,0,0,0,0,0,0,0,127,391
11447860,TR2,domestic,0,0,0,0,0,0,0,0,0,0,0,154
11250574,TR2,domestic,0,0,0,0,0,0,0,0,0,0,0,76
11992818,TR2,domestic,0,0,0,0,0,0,0,0,0,0,0,116
11453777,TR2,domestic,0,0,0,0,0,0,0,0,0,0,0,1
35412621,TR2,domestic,0,0,0,0,0,0,0,0,0,0,0,0
